{
    "matam":{"bakel":151,"saint-louis":429,"louga":365, "kebemer":413, "touba":353,"thies":623},
    "bakel":{"saint-louis":590,"tamba":220,"kaolack":495,"kolda":423},
    "saint-louis":{"louga":61,"kebemer":109,"touba":199,"thies":194,"mbour":242}, 
    "louga":{"kebemer":48,"touba":138,"thies":133,"dakar":203},
    "touba":{"thies":117,"dakar":187,"mbour":164,"diourbel":41,"kaolack":106},
    "thies":{"dakar":70,"mbour":48,"fatick":120,"kaolack":141,"diourbel":76,"kebemer":85},	
    "dakar":{"mbour":83,"fatick":155, "diourbel":146}, 
    "mbour":{"fatick":72,"banjul":222, "diourbel":124,"kedougou":619},
    "fatick":{"kaolack":37,"banjul":150, "diourbel":102,"kedougou":547,"tamba":312},
    "kaolack":{"fatick": 37,"banjul":113, "diourbel":64,"kedougou":510,"tamba":275,"kolda":478},
    "banjul":{"diourbel":178,"kedougou":623,"tamba":388,"kolda":389,"ziginchor":149,"bignona":119},
    "diourbel":{"kedougou":575,"tamba":339,"kolda":542,"ziginchor":326},
    "kedougou":{"tamba":235,"kolda":438,"ziginchor":678},
    "tamba":{"kolda":203,"ziginchor":443},
    "kolda":{"tamba":203,"ziginchor":240,"kaolack":478},
    "bignona":{"ziginchor":34},
    "ziginchor":{"kolda":240,"tamba":443}

    }